"id","latitude","longitude","tof_mm","sonic_mm","temperature","sonic_raw_mm","tof_raw_mm","accel_raw_x","accel_raw_y","accel_raw_z","measured_at"
"470",NULL,NULL,NULL,"566","18.21","178","0","-0.0273","-0.1755","1.0179","2026-05-28 08:04:30"
"469",NULL,NULL,NULL,"569","18.14","166","0","-0.0312","-0.1677","1.0179","2026-05-28 08:04:30"
"468",NULL,NULL,NULL,"563","18.14","166","0","-0.0351","-0.1677","1.0218","2026-05-28 08:04:30"
"467",NULL,NULL,NULL,"563","18.13","166","0","-0.0312","-0.1716","1.0179","2026-05-28 08:04:30"
"466",NULL,NULL,NULL,"569","18.16","175","0","-0.0351","-0.1677","1.0218","2026-05-28 08:04:30"
"465",NULL,NULL,NULL,"569","18.14","166","0","-0.0312","-0.1677","1.0179","2026-05-28 08:04:30"
"464",NULL,NULL,NULL,"569","18.14","172","0","-0.0351","-0.1677","1.0179","2026-05-28 08:04:30"
"463",NULL,NULL,NULL,"556","18.14","149","0","-0.0312","-0.1677","1.0101","2026-05-28 08:04:30"
"462",NULL,NULL,NULL,"3","18.15","175","0","-0.0351","-0.1677","1.014","2026-05-28 08:04:30"
"461",NULL,NULL,NULL,"3","18.26","733","0","-0.0312","-0.1677","1.014","2026-05-28 08:04:30"
"460",NULL,NULL,NULL,"3","18.20","736","0","-0.0351","-0.1638","1.0179","2026-05-28 08:04:25"
"459",NULL,NULL,NULL,"3","18.20","732","0","-0.0351","-0.1716","1.0257","2026-05-28 08:04:25"
"458",NULL,NULL,NULL,"3","18.21","732","0","-0.0351","-0.1677","1.0179","2026-05-28 08:04:25"
"457",NULL,NULL,NULL,"3","18.22","732","0","-0.0312","-0.1677","1.0179","2026-05-28 08:04:25"
"456",NULL,NULL,NULL,"3","18.17","736","0","-0.0351","-0.1599","1.014","2026-05-28 08:04:25"
"455",NULL,NULL,NULL,"3","18.17","732","0","-0.0351","-0.1716","1.0179","2026-05-28 08:04:25"
"454",NULL,NULL,NULL,"3","18.21","736","0","-0.0312","-0.1755","1.014","2026-05-28 08:04:25"
"453",NULL,NULL,NULL,"1","18.19","735","0","-0.039","-0.1677","1.0218","2026-05-28 08:04:25"
"452",NULL,NULL,NULL,"1","18.18","732","0","-0.0273","-0.1716","1.0101","2026-05-28 08:04:25"
"451",NULL,NULL,NULL,"0","18.10","736","0","-0.0351","-0.1716","1.014","2026-05-28 08:04:25"
"450",NULL,NULL,"579",NULL,"18.30","0","230","-0.0429","-0.1638","1.0218","2026-05-28 08:03:53"
"449",NULL,NULL,"580",NULL,"18.29","0","238","-0.0312","-0.1521","1.0374","2026-05-28 08:03:53"
"448",NULL,NULL,"574",NULL,"18.28","0","231","-0.0312","-0.1521","1.0296","2026-05-28 08:03:53"
"447",NULL,NULL,"328",NULL,"18.32","0","293","-0.0273","-0.156","1.0374","2026-05-28 08:03:53"
"446",NULL,NULL,"0",NULL,"18.28","0","833","-0.0312","-0.1482","1.0335","2026-05-28 08:03:53"
"445",NULL,NULL,"5",NULL,"18.31","0","826","-0.0351","-0.1482","1.0296","2026-05-28 08:03:53"
"444",NULL,NULL,"0",NULL,"18.27","0","832","-0.0351","-0.156","1.0257","2026-05-28 08:03:53"
"443",NULL,NULL,"2",NULL,"18.31","0","858","-0.0351","-0.1482","1.0335","2026-05-28 08:03:53"
"442",NULL,NULL,"0",NULL,"18.30","0","838","-0.0312","-0.1443","1.0374","2026-05-28 08:03:53"
"441",NULL,NULL,"0",NULL,"18.12","0","20","-0.0351","-0.1521","1.0296","2026-05-28 08:03:53"
"440",NULL,NULL,"1","0","25.56","19","10","-0.0507","-0.1482","1.0764","2026-05-28 08:03:21"
"439",NULL,NULL,"1","0","25.38","19","10","-0.0468","-0.1482","1.0842","2026-05-28 08:03:21"
"438",NULL,NULL,"1","0","25.84","26","6","-0.0195","-0.1521","0.936","2026-05-28 08:03:21"
"437",NULL,NULL,"1","0","25.63","32","8","-0.0429","-0.1482","1.0764","2026-05-28 08:03:21"
"436",NULL,NULL,"1","0","25.58","32","10","-0.0429","-0.1482","1.0764","2026-05-28 08:03:21"
"435",NULL,NULL,"1","0","25.78","32","8","-0.0429","-0.1443","1.0803","2026-05-28 08:03:21"
"434",NULL,NULL,"1","0","25.61","32","9","-0.0468","-0.156","1.0803","2026-05-28 08:03:21"
"433",NULL,NULL,"1","0","25.55","32","9","-0.0468","-0.1482","1.0764","2026-05-28 08:03:21"
"432",NULL,NULL,"1","0","25.34","32","10","-0.0468","-0.1443","1.0725","2026-05-28 08:03:21"
"431",NULL,NULL,"1","0","25.73","32","9","-0.0468","-0.1482","1.0764","2026-05-28 08:03:21"
"430",NULL,NULL,"1","0","25.63","32","9","-0.0468","-0.1482","1.0725","2026-05-28 08:03:11"
"429",NULL,NULL,"1","0","25.52","32","11","-0.0468","-0.1482","1.0764","2026-05-28 08:03:11"
"428",NULL,NULL,"1","0","25.89","29","10","-0.0546","-0.195","1.0491","2026-05-28 08:03:11"
"427",NULL,NULL,"1","0","25.84","32","9","-0.0468","-0.156","1.0842","2026-05-28 08:03:11"
"426",NULL,NULL,"1","0","25.78","32","8","-0.0429","-0.1482","1.0725","2026-05-28 08:03:11"
"425",NULL,NULL,"0","0","25.65","32","9","0.0039","-0.0975","1.0803","2026-05-28 08:03:11"
"424",NULL,NULL,"0","0","25.80","32","8","-0.0468","-0.1521","1.0803","2026-05-28 08:03:11"
"423",NULL,NULL,"0","0","25.90","32","9","0.0039","-0.1287","1.0764","2026-05-28 08:03:11"
"422",NULL,NULL,"0","0","25.58","32","9","-0.1521","-0.0351","1.1232","2026-05-28 08:03:11"
"421",NULL,NULL,"0","0","25.99","32","8","-0.0429","-0.1521","1.0803","2026-05-28 08:03:11"
"420",NULL,NULL,"0","0","18.25","735","544","-0.0273","-0.1248","1.0374","2026-05-28 08:02:41"
"419",NULL,NULL,"0","0","18.23","735","544","-0.0273","-0.1287","1.0335","2026-05-28 08:02:41"
"418",NULL,NULL,"0","0","18.23","735","544","-0.0312","-0.1209","1.0296","2026-05-28 08:02:41"
"417",NULL,NULL,"0","0","18.21","735","544","-0.0273","-0.1209","1.0296","2026-05-28 08:02:41"
"416",NULL,NULL,"0","734","18.22","0","544","-0.0312","-0.1248","1.0296","2026-05-28 08:02:41"
"415",NULL,NULL,"0","734","18.26","0","544","-0.0117","-0.2535","1.0296","2026-05-28 08:02:41"
"414",NULL,NULL,"0","734","18.27","0","544","-0.4524","0.1248","1.1271","2026-05-28 08:02:41"
"413",NULL,NULL,"0","734","18.25","0","544","-0.1482","-0.0429","1.0062","2026-05-28 08:02:41"
"412",NULL,NULL,"0","734","18.53","0","544","0.0312","0.0234","1.0413","2026-05-28 08:02:41"
"411",NULL,NULL,"0","520","17.35","200","560","-0.0234","-0.1248","0.9828","2026-05-28 08:02:41"
"410",NULL,NULL,"0","3","18.20","731","571","-0.0273","-0.1326","1.0218","2026-05-28 08:02:36"
"409",NULL,NULL,"0","2","18.17","731","20","-0.0312","-0.1287","1.0218","2026-05-28 08:02:36"
"408",NULL,NULL,"0","2","18.26","731","546","-0.0273","-0.1326","1.0335","2026-05-28 08:02:36"
"407",NULL,NULL,"0","2","18.14","732","484","-0.0195","-0.117","0.9984","2026-05-28 08:02:36"
"406",NULL,NULL,"0","2","18.15","732","508","-0.0312","-0.1326","1.0257","2026-05-28 08:02:36"
"405",NULL,NULL,"0","2","18.21","732","526","-0.0312","-0.1287","1.0218","2026-05-28 08:02:36"
"404",NULL,NULL,"0","2","18.25","732","528","-0.0273","-0.1248","1.0257","2026-05-28 08:02:36"
"403",NULL,NULL,"0","2","18.25","614","20","-0.0273","-0.1287","1.0218","2026-05-28 08:02:36"
"402",NULL,NULL,"0","2","18.25","732","527","-0.0312","-0.1248","1.0218","2026-05-28 08:02:36"
"401",NULL,NULL,"0","2","18.26","732","523","-0.0312","-0.1248","1.0257","2026-05-28 08:02:36"
"400",NULL,NULL,"0","2","18.28","732","536","-0.0312","-0.1287","1.0296","2026-05-28 08:02:31"
"399",NULL,NULL,"0","0","18.25","731","538","-0.0234","-0.1248","1.0218","2026-05-28 08:02:31"
"398",NULL,NULL,"0","2","18.31","731","20","-0.0273","-0.1365","1.0218","2026-05-28 08:02:31"
"397",NULL,NULL,"0","3","18.30","731","516","-0.0312","-0.1326","1.0296","2026-05-28 08:02:31"
"396",NULL,NULL,"1","3","18.16","731","495","-0.0351","-0.1248","1.0257","2026-05-28 08:02:31"
"395",NULL,NULL,"51","2","18.23","731","406","-0.0273","-0.1326","1.0296","2026-05-28 08:02:31"
"394",NULL,NULL,"111","0","18.23","226","379","-0.0312","-0.1326","1.0335","2026-05-28 08:02:31"
"393",NULL,NULL,"115","0","18.28","736","337","-0.0312","-0.1248","1.0257","2026-05-28 08:02:31"
"392",NULL,NULL,"114","0","18.31","740","345","-0.0351","-0.1248","1.0335","2026-05-28 08:02:31"
"391",NULL,NULL,"0","0","18.16","220","336","-0.0312","-0.1248","1.0218","2026-05-28 08:02:31"
"390",NULL,NULL,NULL,"0","25.78","744","0","-0.0351","-0.156","1.0413","2026-05-28 08:01:38"
"389",NULL,NULL,NULL,"0","25.75","743","0","-0.0312","-0.1521","1.0335","2026-05-28 08:01:38"
"388",NULL,NULL,NULL,"0","25.77","743","0","-0.0312","-0.1521","1.0218","2026-05-28 08:01:38"
"387",NULL,NULL,NULL,"0","25.70","743","0","-0.0351","-0.1482","1.0296","2026-05-28 08:01:38"
"386",NULL,NULL,NULL,"0","25.78","743","0","-0.0351","-0.1599","1.0374","2026-05-28 08:01:38"
"385",NULL,NULL,NULL,"0","25.73","743","0","-0.0312","-0.1521","1.0218","2026-05-28 08:01:38"
"384",NULL,NULL,NULL,"0","25.85","743","0","-0.0312","-0.156","1.0257","2026-05-28 08:01:38"
"383",NULL,NULL,NULL,"0","25.85","743","0","-0.0273","-0.1521","1.0296","2026-05-28 08:01:38"
"382",NULL,NULL,NULL,"0","25.78","743","0","-0.0273","-0.1521","1.0296","2026-05-28 08:01:38"
"381",NULL,NULL,NULL,"0","25.80","743","0","-0.0351","-0.1482","1.0296","2026-05-28 08:01:38"
"380",NULL,NULL,NULL,"0","25.80","747","0","-0.0195","-0.1443","0.9594","2026-05-28 08:01:33"
"379",NULL,NULL,NULL,"0","25.85","743","0","-0.039","-0.1443","1.0881","2026-05-28 08:01:33"
"378",NULL,NULL,NULL,"0","25.81","743","0","-0.0312","-0.1521","1.0257","2026-05-28 08:01:33"
"377",NULL,NULL,NULL,"0","25.72","748","0","-0.0312","-0.1521","1.0257","2026-05-28 08:01:33"
"376",NULL,NULL,NULL,"0","25.77","743","0","-0.0312","-0.1521","1.0218","2026-05-28 08:01:33"
"375",NULL,NULL,NULL,"0","25.81","743","0","-0.0351","-0.1482","1.0257","2026-05-28 08:01:33"
"374",NULL,NULL,NULL,"0","25.74","743","0","-0.0312","-0.156","1.0257","2026-05-28 08:01:33"
"373",NULL,NULL,NULL,"0","25.75","747","0","-0.0351","-0.1521","1.0179","2026-05-28 08:01:33"
"372",NULL,NULL,NULL,"0","25.80","747","0","-0.0312","-0.156","1.0257","2026-05-28 08:01:33"
"371",NULL,NULL,NULL,"0","25.75","747","0","-0.0312","-0.1521","1.0335","2026-05-28 08:01:33"
"370",NULL,NULL,NULL,"0","25.83","743","0","-0.0312","-0.156","1.0257","2026-05-28 08:01:28"
"369",NULL,NULL,NULL,"0","25.71","747","0","-0.0312","-0.1521","1.0218","2026-05-28 08:01:28"
"368",NULL,NULL,NULL,"0","25.76","747","0","-0.0273","-0.1521","1.0218","2026-05-28 08:01:28"
"367",NULL,NULL,NULL,"0","25.71","747","0","-0.0312","-0.1482","1.0257","2026-05-28 08:01:28"
"366",NULL,NULL,NULL,"0","25.78","743","0","-0.0312","-0.1482","1.0296","2026-05-28 08:01:28"
"365",NULL,NULL,NULL,"0","25.78","748","0","-0.0312","-0.156","1.0218","2026-05-28 08:01:28"
"364",NULL,NULL,NULL,"0","25.71","743","0","-0.0351","-0.1482","1.0257","2026-05-28 08:01:28"
"363",NULL,NULL,NULL,"0","25.78","743","0","-0.0312","-0.1521","1.0218","2026-05-28 08:01:28"
"362",NULL,NULL,NULL,"0","25.62","743","0","-0.0273","-0.1521","1.0257","2026-05-28 08:01:28"
"361",NULL,NULL,NULL,"0","25.62","743","0","-0.0312","-0.156","1.0257","2026-05-28 08:01:28"
"360",NULL,NULL,NULL,"0","25.68","743","0","-0.0312","-0.1521","1.0257","2026-05-28 08:01:24"
"359",NULL,NULL,NULL,"0","25.72","743","0","-0.0351","-0.1482","1.0296","2026-05-28 08:01:24"
"358",NULL,NULL,NULL,"0","25.61","743","0","-0.0312","-0.1521","1.0257","2026-05-28 08:01:24"
"357",NULL,NULL,NULL,"0","25.64","743","0","-0.0312","-0.156","1.0257","2026-05-28 08:01:24"
"356",NULL,NULL,NULL,"0","25.70","743","0","-0.0312","-0.1482","1.0257","2026-05-28 08:01:24"
"355",NULL,NULL,NULL,"0","25.66","743","0","-0.0351","-0.1482","1.0179","2026-05-28 08:01:24"
"354",NULL,NULL,NULL,"0","25.70","743","0","-0.0312","-0.1521","1.0218","2026-05-28 08:01:23"
"353",NULL,NULL,NULL,"0","25.74","743","0","-0.0312","-0.1521","1.0218","2026-05-28 08:01:23"
"352",NULL,NULL,NULL,"0","25.72","747","0","-0.0273","-0.1521","1.0296","2026-05-28 08:01:23"
"351",NULL,NULL,NULL,"0","25.63","743","0","-0.0351","-0.1482","1.0218","2026-05-28 08:01:23"
"350",NULL,NULL,NULL,"0","25.63","743","0","-0.0273","-0.1521","1.0179","2026-05-28 08:01:18"
"349",NULL,NULL,NULL,"0","25.65","743","0","-0.0312","-0.1521","1.0179","2026-05-28 08:01:18"
"348",NULL,NULL,NULL,"0","25.60","743","0","-0.0351","-0.1482","1.014","2026-05-28 08:01:18"
"347",NULL,NULL,NULL,"0","25.68","743","0","-0.0273","-0.156","1.0296","2026-05-28 08:01:18"
"346",NULL,NULL,NULL,"0","25.62","743","0","-0.0351","-0.1482","1.0257","2026-05-28 08:01:18"
"345",NULL,NULL,NULL,"0","25.65","747","0","-0.0312","-0.1521","1.0257","2026-05-28 08:01:18"
"344",NULL,NULL,NULL,"0","25.60","747","0","-0.0312","-0.1482","1.0218","2026-05-28 08:01:18"
"343",NULL,NULL,NULL,"0","25.63","743","0","-0.0312","-0.1521","1.0296","2026-05-28 08:01:18"
"342",NULL,NULL,NULL,"0","25.61","747","0","-0.0312","-0.1521","1.0296","2026-05-28 08:01:18"
"341",NULL,NULL,NULL,"0","25.71","747","0","-0.0273","-0.1482","1.0257","2026-05-28 08:01:18"
"340",NULL,NULL,NULL,"0","25.66","743","0","-0.0312","-0.156","1.0257","2026-05-28 08:01:14"
"339",NULL,NULL,NULL,"0","25.59","743","0","-0.0312","-0.1482","1.0257","2026-05-28 08:01:14"
"338",NULL,NULL,NULL,"0","25.56","743","0","-0.0351","-0.1521","1.0296","2026-05-28 08:01:14"
"337",NULL,NULL,NULL,"0","25.66","743","0","-0.0312","-0.1521","1.0218","2026-05-28 08:01:14"
"336",NULL,NULL,NULL,"0","25.70","743","0","-0.0312","-0.1482","1.0296","2026-05-28 08:01:14"
"335",NULL,NULL,NULL,"0","25.68","747","0","-0.0312","-0.1521","1.0257","2026-05-28 08:01:14"
"334",NULL,NULL,NULL,"0","25.65","743","0","-0.0351","-0.156","1.0218","2026-05-28 08:01:14"
"333",NULL,NULL,NULL,"0","25.63","747","0","-0.0312","-0.1521","1.0179","2026-05-28 08:01:14"
"332",NULL,NULL,NULL,"0","25.57","746","0","-0.0351","-0.1521","1.0218","2026-05-28 08:01:14"
"331",NULL,NULL,NULL,"0","25.67","746","0","-0.0312","-0.1521","1.0335","2026-05-28 08:01:14"
"330",NULL,NULL,NULL,"0","25.35","746","0","-0.0312","-0.1521","1.0296","2026-05-28 08:01:11"
"329",NULL,NULL,NULL,"0","25.66","746","0","-0.0312","-0.1443","1.0218","2026-05-28 08:01:11"
"328",NULL,NULL,NULL,"0","25.67","746","0","-0.039","-0.1482","1.0257","2026-05-28 08:01:11"
"327",NULL,NULL,NULL,"0","25.60","743","0","-0.0312","-0.1482","1.0218","2026-05-28 08:01:11"
"326",NULL,NULL,NULL,"0","25.53","743","0","-0.0351","-0.1443","1.0296","2026-05-28 08:01:11"
"325",NULL,NULL,NULL,"0","25.60","747","0","-0.0312","-0.1482","1.0257","2026-05-28 08:01:11"
"324",NULL,NULL,NULL,"0","25.54","743","0","-0.0273","-0.1482","1.0296","2026-05-28 08:01:11"
"323",NULL,NULL,NULL,"0","25.65","743","0","-0.0312","-0.1521","1.0296","2026-05-28 08:01:11"
"322",NULL,NULL,NULL,"0","25.55","743","0","-0.0312","-0.1482","1.0296","2026-05-28 08:01:11"
"321",NULL,NULL,NULL,"0","25.53","747","0","-0.0312","-0.1482","1.0257","2026-05-28 08:01:11"
"320",NULL,NULL,NULL,"0","25.45","743","0","-0.0351","-0.1482","1.0296","2026-05-28 08:01:03"
"319",NULL,NULL,NULL,"0","25.56","742","0","-0.0312","-0.1521","1.0257","2026-05-28 08:01:03"
"318",NULL,NULL,NULL,"0","25.49","743","0","-0.0312","-0.1521","1.0257","2026-05-28 08:01:03"
"317",NULL,NULL,NULL,"0","25.53","742","0","-0.0312","-0.1482","1.0296","2026-05-28 08:01:03"
"316",NULL,NULL,NULL,"0","25.54","743","0","-0.0312","-0.1521","1.0257","2026-05-28 08:01:03"
"315",NULL,NULL,NULL,"0","25.57","746","0","-0.0312","-0.1521","1.0296","2026-05-28 08:01:03"
"314",NULL,NULL,NULL,"0","25.52","743","0","-0.0351","-0.1521","1.0257","2026-05-28 08:01:03"
"313",NULL,NULL,NULL,"0","25.48","747","0","-0.0312","-0.1482","1.0257","2026-05-28 08:01:03"
"312",NULL,NULL,NULL,"0","25.44","743","0","-0.0312","-0.1521","1.0257","2026-05-28 08:01:03"
"311",NULL,NULL,NULL,"0","25.45","743","0","-0.0312","-0.1482","1.0218","2026-05-28 08:01:03"
"310",NULL,NULL,NULL,"0","25.52","742","0","-0.0312","-0.1521","1.0257","2026-05-28 08:00:58"
"309",NULL,NULL,NULL,"0","25.41","742","0","-0.0351","-0.1482","1.0296","2026-05-28 08:00:58"
"308",NULL,NULL,NULL,"0","25.52","743","0","-0.0351","-0.1482","1.0335","2026-05-28 08:00:58"
"307",NULL,NULL,NULL,"0","25.46","743","0","-0.0312","-0.1521","1.0218","2026-05-28 08:00:58"
"306",NULL,NULL,NULL,"0","25.54","743","0","-0.0312","-0.1521","1.0257","2026-05-28 08:00:58"
"305",NULL,NULL,NULL,"0","25.48","743","0","-0.0351","-0.1521","1.0257","2026-05-28 08:00:58"
"304",NULL,NULL,NULL,"0","25.45","743","0","-0.0312","-0.1521","1.0296","2026-05-28 08:00:58"
"303",NULL,NULL,NULL,"0","25.50","743","0","-0.0312","-0.1443","1.0179","2026-05-28 08:00:58"
"302",NULL,NULL,NULL,"0","25.50","743","0","-0.0312","-0.1521","1.0257","2026-05-28 08:00:58"
"301",NULL,NULL,NULL,"0","25.43","743","0","-0.0312","-0.1521","1.0218","2026-05-28 08:00:58"
"300",NULL,NULL,NULL,"0","25.34","742","0","-0.0312","-0.1482","1.0296","2026-05-28 08:00:53"
"299",NULL,NULL,NULL,"0","25.38","743","0","-0.0351","-0.1443","1.0218","2026-05-28 08:00:53"
"298",NULL,NULL,NULL,"0","25.40","742","0","-0.0312","-0.1521","1.0257","2026-05-28 08:00:53"
"297",NULL,NULL,NULL,"0","25.43","743","0","-0.0312","-0.156","1.0335","2026-05-28 08:00:53"
"296",NULL,NULL,NULL,"0","25.32","743","0","-0.0312","-0.1482","1.0179","2026-05-28 08:00:53"
"295",NULL,NULL,NULL,"0","25.47","743","0","-0.0273","-0.1482","1.0257","2026-05-28 08:00:53"
"294",NULL,NULL,NULL,"0","25.48","747","0","-0.0273","-0.1521","1.0296","2026-05-28 08:00:53"
"293",NULL,NULL,NULL,"0","25.41","746","0","-0.0273","-0.1521","1.0257","2026-05-28 08:00:53"
"292",NULL,NULL,NULL,"0","25.40","746","0","-0.0312","-0.1521","1.0257","2026-05-28 08:00:53"
"291",NULL,NULL,NULL,"0","25.34","743","0","-0.0351","-0.1521","1.0257","2026-05-28 08:00:53"
"290",NULL,NULL,NULL,"0","25.26","746","0","-0.0273","-0.156","1.0257","2026-05-28 08:00:48"
"289",NULL,NULL,NULL,"0","25.38","742","0","-0.0273","-0.156","1.0296","2026-05-28 08:00:48"
"288",NULL,NULL,NULL,"0","25.30","743","0","-0.0351","-0.1482","1.0218","2026-05-28 08:00:48"
"287",NULL,NULL,NULL,"0","25.31","746","0","-0.039","-0.156","1.0569","2026-05-28 08:00:48"
"286",NULL,NULL,NULL,"0","25.25","746","0","-0.0312","-0.1521","1.0179","2026-05-28 08:00:48"
"285",NULL,NULL,NULL,"0","25.37","746","0","-0.0312","-0.1482","1.0296","2026-05-28 08:00:48"
"284",NULL,NULL,NULL,"0","25.27","746","0","-0.0273","-0.1482","1.0257","2026-05-28 08:00:48"
"283",NULL,NULL,NULL,"0","25.28","746","0","-0.0312","-0.1482","1.0179","2026-05-28 08:00:48"
"282",NULL,NULL,NULL,"0","25.39","746","0","-0.0312","-0.1482","1.0218","2026-05-28 08:00:48"
"281",NULL,NULL,NULL,"0","25.15","746","0","-0.0312","-0.1521","1.0257","2026-05-28 08:00:48"
"280",NULL,NULL,NULL,"0","25.26","746","0","-0.0312","-0.1482","1.0296","2026-05-28 08:00:43"
"279",NULL,NULL,NULL,"0","25.38","746","0","-0.0351","-0.1521","1.0296","2026-05-28 08:00:43"
"278",NULL,NULL,NULL,"0","25.19","746","0","-0.0312","-0.1482","1.0218","2026-05-28 08:00:43"
"277",NULL,NULL,NULL,"0","25.25","746","0","-0.0351","-0.1443","1.0335","2026-05-28 08:00:43"
"276",NULL,NULL,NULL,"0","25.38","746","0","-0.0273","-0.1443","1.0179","2026-05-28 08:00:43"
"275",NULL,NULL,NULL,"0","25.13","746","0","-0.0312","-0.1443","1.0179","2026-05-28 08:00:43"
"274",NULL,NULL,NULL,"0","24.98","746","0","-0.0312","-0.1482","1.0257","2026-05-28 08:00:43"
"273",NULL,NULL,NULL,"0","25.14","746","0","-0.0273","-0.1521","1.0335","2026-05-28 08:00:43"
"272",NULL,NULL,NULL,"0","24.76","742","0","-0.0273","-0.1482","1.0218","2026-05-28 08:00:43"
"271",NULL,NULL,NULL,"0","24.60","741","0","-0.0312","-0.1443","1.0218","2026-05-28 08:00:43"
"270",NULL,NULL,NULL,"0","25.17","742","0","-0.0312","-0.1521","1.0179","2026-05-28 08:00:38"
"269",NULL,NULL,NULL,"0","25.01","742","0","-0.0351","-0.1482","1.0218","2026-05-28 08:00:38"
"268",NULL,NULL,NULL,"0","25.19","747","0","-0.0273","-0.1521","1.0296","2026-05-28 08:00:38"
"267",NULL,NULL,NULL,"0","24.99","742","0","-0.0312","-0.156","1.0257","2026-05-28 08:00:38"
"266",NULL,NULL,NULL,"0","24.71","742","0","-0.0312","-0.156","1.0218","2026-05-28 08:00:38"
"265",NULL,NULL,NULL,"0","24.94","747","0","-0.0273","-0.156","1.0257","2026-05-28 08:00:38"
"264",NULL,NULL,NULL,"0","24.43","742","0","-0.0312","-0.1482","1.0257","2026-05-28 08:00:38"
"263",NULL,NULL,NULL,"0","25.05","743","0","-0.0312","-0.1521","1.0257","2026-05-28 08:00:38"
"262",NULL,NULL,NULL,"0","25.07","743","0","-0.0312","-0.1482","1.0257","2026-05-28 08:00:38"
"261",NULL,NULL,NULL,"0","24.92","743","0","-0.0351","-0.1521","1.0296","2026-05-28 08:00:38"
"260",NULL,NULL,NULL,"0","24.81","743","0","-0.0312","-0.1521","1.0257","2026-05-28 08:00:33"
"259",NULL,NULL,NULL,"0","25.23","743","0","-0.0312","-0.1521","1.0296","2026-05-28 08:00:33"
"258",NULL,NULL,NULL,"0","24.95","743","0","-0.0351","-0.1482","1.0296","2026-05-28 08:00:33"
"257",NULL,NULL,NULL,"0","24.88","743","0","-0.0273","-0.1521","1.0296","2026-05-28 08:00:33"
"256",NULL,NULL,NULL,"0","25.09","743","0","-0.0312","-0.1521","1.0218","2026-05-28 08:00:33"
"255",NULL,NULL,NULL,"0","25.00","743","0","-0.0312","-0.1482","1.0257","2026-05-28 08:00:33"
"254",NULL,NULL,NULL,"0","25.07","743","0","-0.0312","-0.1521","1.0218","2026-05-28 08:00:33"
"253",NULL,NULL,NULL,"0","24.84","746","0","-0.0273","-0.1521","1.0257","2026-05-28 08:00:33"
"252",NULL,NULL,NULL,"0","24.95","742","0","-0.0351","-0.1482","1.0257","2026-05-28 08:00:33"
"251",NULL,NULL,NULL,"0","24.75","742","0","-0.0273","-0.156","1.0257","2026-05-28 08:00:33"
"250",NULL,NULL,NULL,"0","24.64","742","0","-0.0312","-0.1521","1.0218","2026-05-28 08:00:28"
"249",NULL,NULL,NULL,"0","24.68","742","0","-0.0312","-0.1482","1.0257","2026-05-28 08:00:28"
"248",NULL,NULL,NULL,"0","24.61","742","0","-0.0312","-0.1482","1.0257","2026-05-28 08:00:28"
"247",NULL,NULL,NULL,"0","24.52","741","0","-0.0312","-0.1482","1.0257","2026-05-28 08:00:28"
"246",NULL,NULL,NULL,"0","24.52","741","0","-0.0312","-0.1521","1.0218","2026-05-28 08:00:28"
"245",NULL,NULL,NULL,"0","24.54","741","0","-0.0312","-0.1521","1.0179","2026-05-28 08:00:28"
"244",NULL,NULL,NULL,"0","24.70","742","0","-0.0273","-0.1482","1.0218","2026-05-28 08:00:28"
"243",NULL,NULL,NULL,"0","24.98","742","0","-0.0273","-0.1482","1.0257","2026-05-28 08:00:28"
"242",NULL,NULL,NULL,"0","24.77","742","0","-0.0312","-0.1482","1.0296","2026-05-28 08:00:28"
"241",NULL,NULL,NULL,"0","24.85","742","0","-0.0273","-0.1521","1.0218","2026-05-28 08:00:28"
"240",NULL,NULL,NULL,"0","24.91","743","0","-0.039","-0.1482","1.0296","2026-05-28 08:00:23"
"239",NULL,NULL,NULL,"0","25.11","742","0","-0.0312","-0.1482","1.0218","2026-05-28 08:00:23"
"238",NULL,NULL,NULL,"0","25.30","746","0","-0.0273","-0.1521","1.0257","2026-05-28 08:00:23"
"237",NULL,NULL,NULL,"0","25.20","746","0","-0.0312","-0.156","1.0218","2026-05-28 08:00:23"
"236",NULL,NULL,NULL,"0","25.32","746","0","-0.0312","-0.1482","1.0218","2026-05-28 08:00:23"
"235",NULL,NULL,NULL,"0","25.10","746","0","-0.0351","-0.1521","1.0296","2026-05-28 08:00:23"
"234",NULL,NULL,NULL,"0","25.28","746","0","-0.0312","-0.1521","1.0296","2026-05-28 08:00:23"
"233",NULL,NULL,NULL,"0","25.37","747","0","-0.0312","-0.156","1.0257","2026-05-28 08:00:23"
"232",NULL,NULL,NULL,"0","25.36","747","0","-0.0351","-0.1482","1.0296","2026-05-28 08:00:23"
"231",NULL,NULL,NULL,"0","25.32","746","0","-0.0273","-0.156","1.0257","2026-05-28 08:00:23"
"230",NULL,NULL,NULL,"0","25.19","747","0","-0.0312","-0.1521","1.0257","2026-05-28 08:00:18"
"229",NULL,NULL,NULL,"0","25.29","742","0","-0.0273","-0.1521","1.0296","2026-05-28 08:00:18"
"228",NULL,NULL,NULL,"0","25.38","743","0","-0.0351","-0.1482","1.0257","2026-05-28 08:00:18"
"227",NULL,NULL,NULL,"0","25.29","742","0","-0.0312","-0.1482","1.0218","2026-05-28 08:00:18"
"226",NULL,NULL,NULL,"0","25.35","743","0","-0.0312","-0.1521","1.0296","2026-05-28 08:00:18"
"225",NULL,NULL,NULL,"0","25.26","742","0","-0.0351","-0.1482","1.0257","2026-05-28 08:00:18"
"224",NULL,NULL,NULL,"0","25.28","742","0","-0.0312","-0.1482","1.0296","2026-05-28 08:00:18"
"223",NULL,NULL,NULL,"0","25.33","743","0","-0.0351","-0.156","1.0335","2026-05-28 08:00:18"
"222",NULL,NULL,NULL,"0","25.34","742","0","-0.0351","-0.1521","1.0218","2026-05-28 08:00:18"
"221",NULL,NULL,NULL,"0","25.38","742","0","-0.0312","-0.1482","1.0218","2026-05-28 08:00:18"
"220",NULL,NULL,NULL,"0","25.32","743","0","-0.0312","-0.1521","1.0296","2026-05-28 08:00:13"
"219",NULL,NULL,NULL,"0","25.31","742","0","-0.0312","-0.1521","1.0257","2026-05-28 08:00:13"
"218",NULL,NULL,NULL,"0","25.27","742","0","-0.0351","-0.1482","1.0257","2026-05-28 08:00:13"
"217",NULL,NULL,NULL,"0","25.34","743","0","-0.0273","-0.1482","1.0257","2026-05-28 08:00:13"
"216",NULL,NULL,NULL,"0","25.24","742","0","-0.0273","-0.1521","1.0257","2026-05-28 08:00:13"
"215",NULL,NULL,NULL,"0","25.33","746","0","-0.0312","-0.1521","1.0257","2026-05-28 08:00:13"
"214",NULL,NULL,NULL,"0","25.34","746","0","-0.0312","-0.1521","1.0218","2026-05-28 08:00:13"
"213",NULL,NULL,NULL,"0","25.32","746","0","-0.0312","-0.1443","1.0218","2026-05-28 08:00:13"
"212",NULL,NULL,NULL,"0","25.27","742","0","-0.0351","-0.1443","1.0452","2026-05-28 08:00:13"
"211",NULL,NULL,NULL,"0","24.57","741","0","-0.0351","-0.1521","1.0296","2026-05-28 08:00:13"
"210",NULL,NULL,NULL,"0","24.53","746","0","-0.0273","-0.1521","1.0218","2026-05-28 08:00:08"
"209",NULL,NULL,NULL,"0","24.59","746","0","-0.0312","-0.1521","1.0257","2026-05-28 08:00:08"
"208",NULL,NULL,NULL,"0","24.65","745","0","-0.0273","-0.1521","1.0179","2026-05-28 08:00:08"
"207",NULL,NULL,NULL,"0","24.88","746","0","-0.0273","-0.1482","1.0218","2026-05-28 08:00:08"
"206",NULL,NULL,NULL,"0","24.73","746","0","-0.0273","-0.1482","1.0257","2026-05-28 08:00:08"
"205",NULL,NULL,NULL,"0","24.62","746","0","-0.0312","-0.1482","1.0179","2026-05-28 08:00:08"
"204",NULL,NULL,NULL,"0","24.66","746","0","-0.0273","-0.1482","1.0257","2026-05-28 08:00:08"
"203",NULL,NULL,NULL,"0","24.75","746","0","-0.0273","-0.1482","1.0257","2026-05-28 08:00:08"
"202",NULL,NULL,NULL,"0","24.74","742","0","-0.0312","-0.1443","1.0218","2026-05-28 08:00:08"
"201",NULL,NULL,NULL,"0","24.77","742","0","-0.0273","-0.1521","1.014","2026-05-28 08:00:08"
"200",NULL,NULL,NULL,"0","24.83","742","0","-0.0234","-0.1443","1.0101","2026-05-28 08:00:03"
"199",NULL,NULL,NULL,"0","24.89","746","0","-0.0273","-0.1482","1.0179","2026-05-28 08:00:03"
"198",NULL,NULL,NULL,"0","24.68","745","0","-0.0312","-0.1482","1.0296","2026-05-28 08:00:03"
"197",NULL,NULL,NULL,"0","25.02","746","0","-0.0351","-0.1521","1.0257","2026-05-28 08:00:03"
"196",NULL,NULL,NULL,"0","25.07","742","0","-0.0312","-0.1521","1.0218","2026-05-28 08:00:03"
"195",NULL,NULL,NULL,"0","24.95","746","0","-0.0312","-0.1521","1.0218","2026-05-28 08:00:03"
"194",NULL,NULL,NULL,"0","24.98","746","0","-0.0312","-0.1482","1.0218","2026-05-28 08:00:03"
"193",NULL,NULL,NULL,"0","24.94","746","0","-0.0312","-0.1482","1.0218","2026-05-28 08:00:03"
"192",NULL,NULL,NULL,"0","24.92","746","0","-0.0273","-0.1521","1.0296","2026-05-28 08:00:03"
"191",NULL,NULL,NULL,"0","25.06","747","0","-0.0351","-0.1443","1.0218","2026-05-28 08:00:03"
"190",NULL,NULL,NULL,"0","24.95","746","0","-0.0351","-0.1521","1.0335","2026-05-28 07:59:58"
"189",NULL,NULL,NULL,"0","25.07","746","0","-0.0312","-0.1482","1.0218","2026-05-28 07:59:58"
"188",NULL,NULL,NULL,"0","25.09","747","0","-0.0312","-0.1482","1.0257","2026-05-28 07:59:58"
"187",NULL,NULL,NULL,"0","25.18","747","0","-0.0273","-0.156","1.0257","2026-05-28 07:59:58"
"186",NULL,NULL,NULL,"0","25.05","742","0","-0.0273","-0.1521","1.0257","2026-05-28 07:59:58"
"185",NULL,NULL,NULL,"0","25.06","742","0","-0.0312","-0.1443","1.0257","2026-05-28 07:59:58"
"184",NULL,NULL,NULL,"0","24.96","746","0","-0.0312","-0.1482","1.0296","2026-05-28 07:59:58"
"183",NULL,NULL,NULL,"0","25.07","747","0","-0.0312","-0.1482","1.014","2026-05-28 07:59:58"
"182",NULL,NULL,NULL,"0","25.15","742","0","-0.0351","-0.156","1.0296","2026-05-28 07:59:58"
"181",NULL,NULL,NULL,"0","25.06","742","0","-0.0273","-0.1521","1.0257","2026-05-28 07:59:58"
"180",NULL,NULL,NULL,"0","24.98","742","0","-0.0273","-0.1482","1.0257","2026-05-28 07:59:53"
"179",NULL,NULL,NULL,"0","24.87","745","0","-0.0312","-0.1482","1.0257","2026-05-28 07:59:53"
"178",NULL,NULL,NULL,"0","24.81","742","0","-0.0312","-0.1521","1.0296","2026-05-28 07:59:53"
"177",NULL,NULL,NULL,"0","24.75","742","0","-0.0312","-0.1482","1.0296","2026-05-28 07:59:53"
"176",NULL,NULL,NULL,"0","24.67","742","0","-0.0273","-0.1482","1.0296","2026-05-28 07:59:53"
"175",NULL,NULL,NULL,"0","24.55","742","0","-0.0312","-0.1521","1.0296","2026-05-28 07:59:53"
"174",NULL,NULL,NULL,"0","24.34","741","0","-0.0312","-0.1521","1.0257","2026-05-28 07:59:53"
"173",NULL,NULL,NULL,"0","24.31","745","0","-0.0312","-0.1482","1.0218","2026-05-28 07:59:53"
"172",NULL,NULL,NULL,"0","24.76","746","0","-0.0312","-0.1443","1.0257","2026-05-28 07:59:53"
"171",NULL,NULL,NULL,"0","24.29","746","0","-0.0351","-0.1482","1.0296","2026-05-28 07:59:53"
"170",NULL,NULL,NULL,"0","24.59","746","0","-0.0351","-0.1482","1.0296","2026-05-28 07:59:48"
"169",NULL,NULL,NULL,"0","24.69","745","0","-0.0312","-0.1521","1.0257","2026-05-28 07:59:48"
"168",NULL,NULL,NULL,"0","24.47","745","0","-0.0351","-0.1482","1.0257","2026-05-28 07:59:48"
"167",NULL,NULL,NULL,"0","24.70","746","0","-0.0273","-0.1521","1.0257","2026-05-28 07:59:48"
"166",NULL,NULL,NULL,"0","24.68","742","0","-0.0273","-0.1482","1.0257","2026-05-28 07:59:48"
"165",NULL,NULL,NULL,"0","24.71","746","0","-0.0312","-0.1482","1.0179","2026-05-28 07:59:48"
"164",NULL,NULL,NULL,"0","24.93","743","0","-0.0312","-0.1482","1.0257","2026-05-28 07:59:48"
"163",NULL,NULL,NULL,"0","25.03","742","0","-0.0312","-0.1482","1.0296","2026-05-28 07:59:48"
"162",NULL,NULL,NULL,"0","24.87","742","0","-0.0273","-0.1521","1.0218","2026-05-28 07:59:48"
"161",NULL,NULL,NULL,"0","25.00","743","0","-0.0312","-0.1482","1.0296","2026-05-28 07:59:48"
"160",NULL,NULL,NULL,"0","25.01","742","0","-0.0312","-0.1404","1.0257","2026-05-28 07:59:46"
"159",NULL,NULL,NULL,"0","24.95","746","0","-0.0351","-0.1482","1.0335","2026-05-28 07:59:46"
"158",NULL,NULL,NULL,"0","25.01","742","0","-0.0351","-0.1521","1.0296","2026-05-28 07:59:46"
"157",NULL,NULL,NULL,"0","25.02","743","0","-0.0351","-0.1482","1.0296","2026-05-28 07:59:46"
"156",NULL,NULL,NULL,"252","25.04","177","0","-0.0312","-0.1599","1.0179","2026-05-28 07:59:46"
"155",NULL,NULL,NULL,"293","24.91","155","0","-0.0273","-0.1521","1.0257","2026-05-28 07:59:46"
"154",NULL,NULL,NULL,"324","24.67","115","0","-0.0273","-0.1443","1.0257","2026-05-28 07:59:46"
"153",NULL,NULL,NULL,"335","24.69","102","0","-0.0312","-0.1482","1.0179","2026-05-28 07:59:46"
"152",NULL,NULL,NULL,"269","24.57","102","0","-0.0312","-0.1482","1.0257","2026-05-28 07:59:46"
"151",NULL,NULL,NULL,"240","24.85","194","0","-0.0312","-0.1482","1.0257","2026-05-28 07:59:46"
"150",NULL,NULL,NULL,"243","24.92","187","0","-0.0351","-0.1482","1.0218","2026-05-28 07:59:38"
"149",NULL,NULL,NULL,"240","24.81","190","0","-0.0273","-0.1482","1.0257","2026-05-28 07:59:38"
"148",NULL,NULL,NULL,"266","24.91","573","0","-0.0351","-0.1443","1.0218","2026-05-28 07:59:38"
"147",NULL,NULL,NULL,"339","24.51","126","0","-0.0273","-0.1521","1.0257","2026-05-28 07:59:38"
"146",NULL,NULL,NULL,"359","24.82","74","0","-0.0312","-0.1521","1.0257","2026-05-28 07:59:38"
"145",NULL,NULL,NULL,"346","24.65","68","0","-0.0312","-0.1482","1.0257","2026-05-28 07:59:38"
"144",NULL,NULL,NULL,"324","24.74","98","0","-0.0273","-0.1521","1.0218","2026-05-28 07:59:38"
"143",NULL,NULL,NULL,"0","24.87","168","0","-0.0351","-0.1482","1.0257","2026-05-28 07:59:38"
"142",NULL,NULL,NULL,"0","24.97","746","0","-0.0273","-0.1521","1.0296","2026-05-28 07:59:38"
"141",NULL,NULL,NULL,"0","24.92","746","0","-0.0312","-0.1443","1.0218","2026-05-28 07:59:38"
"140",NULL,NULL,NULL,"0","24.89","741","0","-0.0312","-0.1482","1.0218","2026-05-28 07:59:33"
"139",NULL,NULL,NULL,"433","24.99","0","0","-0.0312","-0.1521","1.0218","2026-05-28 07:59:33"
"138",NULL,NULL,NULL,"433","24.71","0","0","-0.0312","-0.1716","1.0257","2026-05-28 07:59:33"
"137",NULL,NULL,NULL,"433","24.96","0","0","-0.0312","-0.1716","1.0257","2026-05-28 07:59:33"
"136",NULL,NULL,NULL,"433","24.75","0","0","-0.0312","-0.1716","1.0374","2026-05-28 07:59:33"
"135",NULL,NULL,NULL,"433","24.78","0","0","-0.0234","-0.1716","1.0218","2026-05-28 07:59:33"
"134",NULL,NULL,NULL,"433","24.99","0","0","-0.0312","-0.1677","1.0335","2026-05-28 07:59:33"
"133",NULL,NULL,NULL,"433","24.96","0","0","-0.0312","-0.1755","1.0257","2026-05-28 07:59:33"
"132",NULL,NULL,NULL,"433","24.91","0","0","-0.0273","-0.1716","1.0257","2026-05-28 07:59:33"
"131",NULL,NULL,NULL,"433","24.85","0","0","-0.0273","-0.1716","1.0257","2026-05-28 07:59:33"
"130",NULL,NULL,NULL,"433","24.94","0","0","-0.0312","-0.1755","1.0335","2026-05-28 07:59:28"
"129",NULL,NULL,NULL,"433","25.00","0","0","-0.0273","-0.1716","1.0257","2026-05-28 07:59:28"
"128",NULL,NULL,NULL,"433","24.92","0","0","-0.0312","-0.1677","1.0218","2026-05-28 07:59:28"
"127",NULL,NULL,NULL,"433","24.93","0","0","-0.0273","-0.1755","1.0296","2026-05-28 07:59:28"
"126",NULL,NULL,NULL,"433","25.05","0","0","-0.0273","-0.1794","1.0257","2026-05-28 07:59:28"
"125",NULL,NULL,NULL,"433","25.06","0","0","-0.0273","-0.1716","1.0335","2026-05-28 07:59:28"
"124",NULL,NULL,NULL,"433","24.92","0","0","-0.0273","-0.1716","1.0296","2026-05-28 07:59:28"
"123",NULL,NULL,NULL,"433","25.03","0","0","-0.0273","-0.1716","1.0296","2026-05-28 07:59:28"
"122",NULL,NULL,NULL,"433","24.82","0","0","-0.0273","-0.1677","1.0296","2026-05-28 07:59:28"
"121",NULL,NULL,NULL,"433","24.75","0","0","-0.0273","-0.1677","1.0296","2026-05-28 07:59:28"
"120",NULL,NULL,NULL,"433","24.27","0","0","-0.0273","-0.1716","1.0296","2026-05-28 07:59:23"
"119",NULL,NULL,NULL,"0","24.29","0","0","-0.0273","-0.1716","1.0374","2026-05-28 07:59:23"
"118",NULL,NULL,NULL,"0","24.39","741","0","-0.0273","-0.156","1.0335","2026-05-28 07:59:23"
"117",NULL,NULL,NULL,"0","24.01","745","0","-0.0312","-0.1599","1.0335","2026-05-28 07:59:23"
"116",NULL,NULL,NULL,"0","24.54","742","0","-0.0312","-0.1521","1.0296","2026-05-28 07:59:23"
"115",NULL,NULL,NULL,"0","24.69","742","0","-0.0351","-0.1638","1.0218","2026-05-28 07:59:23"
"114",NULL,NULL,NULL,"0","24.65","742","0","-0.0312","-0.156","1.0257","2026-05-28 07:59:23"
"113",NULL,NULL,NULL,"0","24.53","742","0","-0.0273","-0.1521","1.0257","2026-05-28 07:59:23"
"112",NULL,NULL,NULL,"0","24.47","741","0","-0.0351","-0.1521","1.0374","2026-05-28 07:59:23"
"111",NULL,NULL,NULL,"0","24.78","746","0","-0.0312","-0.156","1.0335","2026-05-28 07:59:23"
"110",NULL,NULL,NULL,"0","24.67","742","0","-0.0312","-0.156","1.0335","2026-05-28 07:59:18"
"109",NULL,NULL,NULL,"0","24.70","742","0","-0.0312","-0.156","1.0296","2026-05-28 07:59:18"
"108",NULL,NULL,NULL,"0","24.81","746","0","-0.0273","-0.1521","1.0218","2026-05-28 07:59:18"
"107",NULL,NULL,NULL,"0","24.71","742","0","-0.0273","-0.156","1.0335","2026-05-28 07:59:18"
"106",NULL,NULL,NULL,"0","24.61","742","0","-0.0312","-0.1599","1.0296","2026-05-28 07:59:18"
"105",NULL,NULL,NULL,"0","24.58","742","0","-0.0312","-0.156","1.0335","2026-05-28 07:59:18"
"104",NULL,NULL,NULL,"0","24.82","746","0","-0.0273","-0.156","1.0257","2026-05-28 07:59:18"
"103",NULL,NULL,NULL,"0","24.86","742","0","-0.0273","-0.156","1.0296","2026-05-28 07:59:18"
"102",NULL,NULL,NULL,"0","24.84","746","0","-0.0312","-0.1521","1.0257","2026-05-28 07:59:18"
"101",NULL,NULL,NULL,"0","24.85","742","0","-0.0273","-0.156","1.0296","2026-05-28 07:59:18"
"100",NULL,NULL,NULL,"0","24.76","742","0","-0.0312","-0.156","1.0257","2026-05-28 07:59:13"
"99",NULL,NULL,NULL,"0","24.77","745","0","-0.0312","-0.1521","1.0218","2026-05-28 07:59:13"
"98",NULL,NULL,NULL,"0","24.76","742","0","-0.0312","-0.156","1.0257","2026-05-28 07:59:13"
"97",NULL,NULL,NULL,"0","24.75","742","0","-0.0312","-0.1521","1.0335","2026-05-28 07:59:13"
"96",NULL,NULL,NULL,"0","24.50","741","0","-0.0312","-0.156","1.0179","2026-05-28 07:59:13"
"95",NULL,NULL,NULL,"0","24.67","745","0","-0.0312","-0.1482","1.0257","2026-05-28 07:59:13"
"94",NULL,NULL,NULL,"0","24.46","745","0","-0.0273","-0.1599","1.0335","2026-05-28 07:59:13"
"93",NULL,NULL,NULL,"0","24.67","746","0","-0.0312","-0.156","1.0374","2026-05-28 07:59:13"
"92",NULL,NULL,NULL,"0","24.17","745","0","-0.0312","-0.1521","1.0296","2026-05-28 07:59:13"
"91",NULL,NULL,NULL,"0","24.25","745","0","-0.0312","-0.156","1.0257","2026-05-28 07:59:13"
"90",NULL,NULL,NULL,"0","24.28","741","0","-0.0312","-0.156","1.0257","2026-05-28 07:59:08"
"89",NULL,NULL,NULL,"0","24.18","745","0","-0.0351","-0.1521","1.0257","2026-05-28 07:59:08"
"88",NULL,NULL,NULL,"0","23.82","740","0","-0.0312","-0.1521","1.0257","2026-05-28 07:59:08"
"87",NULL,NULL,NULL,"0","24.21","745","0","-0.0312","-0.156","1.0335","2026-05-28 07:59:08"
"86",NULL,NULL,NULL,"0","23.98","744","0","-0.0312","-0.156","1.0218","2026-05-28 07:59:08"
"85",NULL,NULL,NULL,"0","24.15","741","0","-0.0273","-0.1521","1.0218","2026-05-28 07:59:08"
"84",NULL,NULL,NULL,"0","23.92","744","0","-0.0273","-0.1521","1.0257","2026-05-28 07:59:08"
"83",NULL,NULL,NULL,"433","24.24","741","0","-0.0351","-0.1482","1.0101","2026-05-28 07:59:08"
"82",NULL,NULL,NULL,NULL,"24.45","0","0","-0.0312","-0.156","1.0335","2026-05-28 07:59:08"
"81",NULL,NULL,NULL,NULL,"24.88","0","0","-0.0312","-0.2106","0.9906","2026-05-28 07:59:08"
"80",NULL,NULL,"0","0","27.03","701","750","-0.0663","-0.117","1.0842","2026-05-28 07:57:31"
"79",NULL,NULL,"0","0","27.11","718","750","-0.0663","-0.1092","1.0842","2026-05-28 07:57:31"
"78",NULL,NULL,"0","0","26.89","718","746","-0.0624","-0.117","1.0881","2026-05-28 07:57:31"
"77",NULL,NULL,"0","0","26.92","714","747","-0.0663","-0.1131","1.0842","2026-05-28 07:57:31"
"76",NULL,NULL,"0","0","26.05","747","751","-0.0663","-0.1053","1.0881","2026-05-28 07:57:31"
"75",NULL,NULL,"0","0","26.64","748","743","-0.0702","-0.1131","1.0803","2026-05-28 07:57:31"
"74",NULL,NULL,"0","0","27.07","749","744","-0.0702","-0.1014","1.0842","2026-05-28 07:57:31"
"73",NULL,NULL,"0","0","27.03","696","749","-0.0702","-0.1131","1.092","2026-05-28 07:57:31"
"72",NULL,NULL,"0","0","27.13","748","746","-0.0702","-0.1131","1.0803","2026-05-28 07:57:31"
"71",NULL,NULL,"0","0","27.12","709","746","-0.0702","-0.1092","1.0881","2026-05-28 07:57:31"
"70",NULL,NULL,"0","0","27.08","683","739","-0.0702","-0.1092","1.0725","2026-05-28 07:57:21"
"69",NULL,NULL,"0","0","26.95","696","748","-0.0624","-0.1131","1.0881","2026-05-28 07:57:21"
"68",NULL,NULL,"0","0","27.24","748","741","-0.0702","-0.1131","1.0803","2026-05-28 07:57:21"
"67",NULL,NULL,"0","0","27.00","692","754","-0.0663","-0.1092","1.0764","2026-05-28 07:57:21"
"66",NULL,NULL,"0","0","27.10","692","743","-0.0663","-0.117","1.0842","2026-05-28 07:57:21"
"65",NULL,NULL,"0","0","27.14","692","746","-0.0741","-0.1053","1.0803","2026-05-28 07:57:21"
"64",NULL,NULL,"0","0","27.12","692","747","-0.0702","-0.1131","1.0881","2026-05-28 07:57:21"
"63",NULL,NULL,"0","0","27.03","688","746","-0.0663","-0.1131","1.0803","2026-05-28 07:57:21"
"62",NULL,NULL,"0","0","26.96","692","741","-0.0663","-0.1131","1.0842","2026-05-28 07:57:21"
"61",NULL,NULL,"0","0","26.42","700","747","-0.0702","-0.117","1.0803","2026-05-28 07:57:21"
"60",NULL,NULL,"0","0","26.80","692","745","-0.0624","-0.117","1.0842","2026-05-28 07:57:10"
"59",NULL,NULL,"0","0","26.89","696","747","-0.0702","-0.1092","1.0803","2026-05-28 07:57:10"
"58",NULL,NULL,"0","0","27.13","705","749","-0.0663","-0.1131","1.0725","2026-05-28 07:57:10"
"57",NULL,NULL,"0","0","27.13","713","745","-0.0663","-0.1131","1.0881","2026-05-28 07:57:10"
"56",NULL,NULL,"0","0","27.03","690","750","-0.0702","-0.1053","1.0803","2026-05-28 07:57:10"
"55",NULL,NULL,"0","0","27.14","713","746","-0.0624","-0.1092","1.0842","2026-05-28 07:57:10"
"54",NULL,NULL,"0","0","27.06","678","747","-0.0702","-0.117","1.0686","2026-05-28 07:57:10"
"53",NULL,NULL,"0","0","27.53","701","749","-0.0663","-0.1092","1.0842","2026-05-28 07:57:10"
"52",NULL,NULL,"0","0","28.85","703","744","-0.0702","-0.1131","1.0803","2026-05-28 07:57:10"
"51",NULL,NULL,"0","0","28.85","746","750","-0.0702","-0.1092","1.0725","2026-05-28 07:57:10"
"50",NULL,NULL,"0","0","28.73","754","749","-0.0663","-0.1092","1.0842","2026-05-28 07:57:01"
"49",NULL,NULL,"0","0","28.07","700","743","-0.0741","-0.1092","1.0881","2026-05-28 07:57:01"
"48",NULL,NULL,"0","0","28.63","693","745","-0.0663","-0.117","1.0959","2026-05-28 07:57:01"
"47",NULL,NULL,"0","0","28.63","749","746","-0.0624","-0.117","1.0959","2026-05-28 07:57:01"
"46",NULL,NULL,"4","0","28.48","702","747","-0.0702","-0.1053","1.0803","2026-05-28 07:57:01"
"45",NULL,NULL,"4","0","28.19","689","749","-0.0702","-0.117","1.0842","2026-05-28 07:57:01"
"44",NULL,NULL,"4","0","28.42","25","3","-0.0663","-0.1131","1.0842","2026-05-28 07:57:01"
"43",NULL,NULL,"0","0","28.53","19","0","-0.0663","-0.1092","1.0803","2026-05-28 07:57:01"
"42",NULL,NULL,"0","0","28.57","29","12","-0.0663","-0.117","1.0881","2026-05-28 07:57:01"
"41",NULL,NULL,"0","0","28.53","26","0","-0.0663","-0.1209","1.0881","2026-05-28 07:57:01"
"40",NULL,NULL,"0","0","28.61","29","0","-0.0624","-0.1209","1.0842","2026-05-28 07:56:51"
"39",NULL,NULL,"0","0","28.37","29","0","-0.0702","-0.1092","1.0803","2026-05-28 07:56:51"
"38",NULL,NULL,"0","0","28.52","19","9","-0.0663","-0.1131","1.0842","2026-05-28 07:56:51"
"37",NULL,NULL,"0","0","28.38","26","5","-0.0234","-0.1131","1.0998","2026-05-28 07:56:51"
"36",NULL,NULL,"0","0","28.21","19","11","-0.0663","-0.1131","1.0881","2026-05-28 07:56:51"
"35",NULL,NULL,"0","0","27.77","746","745","-0.0663","-0.1131","1.0881","2026-05-28 07:56:51"
"34",NULL,NULL,"0","0","26.46","701","748","-0.0663","-0.1092","1.0842","2026-05-28 07:56:51"
"33",NULL,NULL,"0","0","26.11","743","751","-0.0273","-0.1326","1.0764","2026-05-28 07:56:51"
"32",NULL,NULL,"0","0","25.44","704","749","-0.0624","-0.1131","1.0803","2026-05-28 07:56:51"
"31",NULL,NULL,"0","0","26.33","623","749","-0.0624","-0.1092","1.0881","2026-05-28 07:56:51"
"30",NULL,NULL,"0","0","26.21","628","745","-0.0663","-0.117","1.0881","2026-05-28 07:56:41"
"29",NULL,NULL,"0","0","26.82","695","749","-0.0663","-0.1599","1.0764","2026-05-28 07:56:41"
"28",NULL,NULL,"0","0","25.36","721","11","-0.0624","-0.1131","1.0803","2026-05-28 07:56:41"
"27",NULL,NULL,"0","0","26.08","49","8","0.0468","-0.0156","0.9399","2026-05-28 07:56:41"
"26",NULL,NULL,"0","0","26.01","32","9","-0.0507","-0.1053","1.0881","2026-05-28 07:56:41"
"25",NULL,NULL,"1","0","25.76","32","10","-0.0507","-0.1092","1.0764","2026-05-28 07:56:41"
"24",NULL,NULL,"1","0","25.85","32","8","-0.0507","-0.1131","1.092","2026-05-28 07:56:41"
"23",NULL,NULL,"1","0","26.02","32","10","-0.0507","-0.117","1.0842","2026-05-28 07:56:41"
"22",NULL,NULL,"1","0","25.78","32","9","-0.0468","-0.1131","1.0881","2026-05-28 07:56:41"
"21",NULL,NULL,"1","0","25.50","32","8","-0.0507","-0.1131","1.0881","2026-05-28 07:56:41"
"20",NULL,NULL,"1","0","25.98","32","8","-0.0468","-0.1053","1.0725","2026-05-28 07:56:31"
"19",NULL,NULL,"1","0","25.93","32","8","-0.0468","-0.1209","1.0881","2026-05-28 07:56:31"
"18",NULL,NULL,"0","0","25.95","32","9","-0.0468","-0.1014","1.0842","2026-05-28 07:56:31"
"17",NULL,NULL,"0","0","25.92","32","7","-0.0468","-0.1131","1.0842","2026-05-28 07:56:31"
"16",NULL,NULL,"0","0","26.11","32","8","-0.0546","-0.1131","1.0842","2026-05-28 07:56:31"
"15",NULL,NULL,"0","0","26.11","32","8","-0.0429","-0.1092","1.0764","2026-05-28 07:56:31"
"14",NULL,NULL,"0","0","25.86","32","10","-0.0429","-0.1131","1.0881","2026-05-28 07:56:31"
"13",NULL,NULL,"0","0","26.03","32","8","-0.0468","-0.1053","1.0881","2026-05-28 07:56:31"
"12",NULL,NULL,"0","0","25.69","32","9","-0.0468","-0.1131","1.0881","2026-05-28 07:56:31"
"11",NULL,NULL,"0","0","25.92","32","8","-0.0468","-0.1131","1.0842","2026-05-28 07:56:31"
"10",NULL,NULL,"0","0","26.13","32","9","-0.0429","-0.117","1.0881","2026-05-28 07:56:21"
"9",NULL,NULL,"0","0","26.02","32","9","-0.039","-0.117","1.0881","2026-05-28 07:56:21"
"8",NULL,NULL,"0","0","25.89","32","9","-0.0507","-0.1131","1.0842","2026-05-28 07:56:21"
"7",NULL,NULL,"0","0","25.55","32","8","-0.0507","-0.1092","1.0803","2026-05-28 07:56:21"
"6",NULL,NULL,"0","0","25.78","32","8","-0.0507","-0.1092","1.0725","2026-05-28 07:56:21"
"5",NULL,NULL,"0","0","25.87","32","9","-0.0507","-0.1053","1.092","2026-05-28 07:56:21"
"4",NULL,NULL,"0","0","26.02","32","10","-0.0546","-0.1131","1.0764","2026-05-28 07:56:21"
"3",NULL,NULL,"0","0","25.99","32","9","-0.0429","-0.1092","1.0842","2026-05-28 07:56:21"
"2",NULL,NULL,"0","0","26.05","32","8","-0.0507","-0.1014","1.0803","2026-05-28 07:56:21"
"1",NULL,NULL,"0","0","26.67","32","8","-0.0507","-0.1131","1.0803","2026-05-28 07:56:21"
